{
  "sim_axis": {
    "thermo": {
      "n_ids": 10021,
      "correct": 9917,
      "false": 104,
      "fdp": 0.01038,
      "detectable_recall": 0.88208,
      "detectable_denom": 9727,
      "deciles": [
        0.7813,
        0.8146,
        0.8234,
        0.83,
        0.8508,
        0.8501,
        0.8474,
        0.8649,
        0.8668,
        0.8923
      ]
    },
    "bruker": {
      "n_ids": 2652,
      "correct": 2629,
      "false": 23,
      "fdp": 0.00867,
      "detectable_recall": 0.26635,
      "detectable_denom": 9833,
      "deciles": [
        0.0695,
        0.1035,
        0.1295,
        0.2016,
        0.2972,
        0.3488,
        0.3885,
        0.4251,
        0.4329,
        0.4407
      ]
    }
  },
  "tool_axis": {
    "thermo": {
      "diann": {
        "n_ids": 10021,
        "correct": 9917,
        "false": 104,
        "fdp": 0.01038,
        "detectable_recall": 0.88208,
        "detectable_denom": 9727,
        "deciles": [
          0.7813,
          0.8146,
          0.8234,
          0.83,
          0.8508,
          0.8501,
          0.8474,
          0.8649,
          0.8668,
          0.8923
        ]
      }
    },
    "bruker": {
      "diann": {
        "n_ids": 2652,
        "correct": 2629,
        "false": 23,
        "fdp": 0.00867,
        "detectable_recall": 0.26635,
        "detectable_denom": 9833,
        "deciles": [
          0.0695,
          0.1035,
          0.1295,
          0.2016,
          0.2972,
          0.3488,
          0.3885,
          0.4251,
          0.4329,
          0.4407
        ]
      }
    }
  }
}
